<?xml version="1.0" encoding="UTF-8"?>
<module xmlns="urn:jboss:module:1.1" name="org.apache.jclouds.core">
    <resources>
        <resource-root path="aopalliance-1.0.jar"/>
        <resource-root path="guice-4.2.3.jar"/>
        <resource-root path="guice-assistedinject-4.2.3.jar"/>
        <resource-root path="jclouds-core-2.4.0.jar"/>
        <resource-root path="jclouds-slf4j-2.4.0.jar"/>
    </resources>

    <dependencies>
        <module name="org.slf4j"/>
        <module name="javax.api"/>
        <module name="javax.annotation.api"/>
        <module name="javax.inject.api"/>
        <module name="javax.ws.rs.api"/>
        <module name="javax.xml.bind.api"/>
        <module name="com.google.guava"/>
        <module name="com.google.code.gson"/>
    </dependencies>
</module>
